Name,Roll,Time
OmRanjan_2202350140049,2202350140049,15:35:32
ViratKohli_2202350140089,2202350140089,16:24:46
ViratKohli_2202350140089,2202350140089,16:27:05
MsDhoni_2202350140007,2202350140007,16:32:43
OmRanjan_2202350140049,2202350140049,16:33:11
wowvidushi_2202350140050,2202350140050,16:55:30
MsDhoni_2202350140007,2202350140007,17:23:35
wowvidushi_2202350140050,2202350140050,17:33:08
OmRanjan_2302250140049,2302250140049,17:35:50
OmRanjan_2302250140049,2302250140049,17:38:27
wowvidushi_2202350140050,2202350140050,17:40:15
wowvidushi_2202350140050,2202350140050,17:40:34
OmRanjan_2302250140049,2302250140049,17:41:05
OmRanjan_2302250140049,2302250140049,17:41:15
